{
  "IcoMoonType": "selection",
  "icons": [
    {
      "icon": {
        "paths": [
          "M864.827 128.518c17.695-16.937 41.243-26.301 65.674-26.115 24.431 0.186 47.835 9.907 65.273 27.111 17.439 17.205 27.547 40.547 28.193 65.102 0.647 24.555-8.222 48.403-24.732 66.509l-501.206 630.201c-8.619 9.334-19.021 16.823-30.584 22.022-11.563 5.198-24.051 7.999-36.714 8.235-12.665 0.236-25.247-2.098-36.993-6.863-11.747-4.765-22.417-11.862-31.373-20.868l-332.379-334.171c-9.256-8.671-16.68-19.128-21.83-30.748-5.149-11.618-7.918-24.161-8.141-36.879s2.104-25.351 6.842-37.145c4.738-11.794 11.791-22.509 20.737-31.503 8.946-8.994 19.603-16.085 31.334-20.849s24.296-7.103 36.946-6.879c12.65 0.224 25.125 3.009 36.682 8.185 11.556 5.177 21.958 12.641 30.583 21.947l263.039 264.331 436.263-558.846c0.785-0.972 1.624-1.9 2.512-2.779h-0.125z"
        ],
        "attrs": [],
        "grid": 0,
        "tags": [
          "checkbox"
        ]
      },
      "attrs": [],
      "properties": {
        "order": 39,
        "id": 4,
        "name": "checkbox",
        "prevSize": 32
      },
      "setIdx": 0,
      "setId": 5,
      "iconIdx": 0
    },
    {
      "icon": {
        "paths": [
          "M896 128h-768c-52.8 0-95.52 43.2-95.52 96l-0.48 576c0 52.8 43.2 96 96 96h768c52.8 0 96-43.2 96-96v-576c0-52.8-43.2-96-96-96zM876.8 332l-339.36 212.16c-15.36 9.6-35.52 9.6-50.88 0l-339.36-212.16c-12-7.68-19.2-20.64-19.2-34.56 0-32.16 35.040-51.36 62.4-34.56l321.6 201.12 321.6-201.12c27.36-16.8 62.4 2.4 62.4 34.56 0 13.92-7.2 26.88-19.2 34.56z"
        ],
        "attrs": [],
        "grid": 0,
        "tags": [
          "email"
        ]
      },
      "attrs": [],
      "properties": {
        "order": 40,
        "id": 3,
        "name": "email",
        "prevSize": 32
      },
      "setIdx": 0,
      "setId": 5,
      "iconIdx": 1
    },
    {
      "icon": {
        "paths": [
          "M512 512c141.44 0 256-114.56 256-256s-114.56-256-256-256c-141.44 0-256 114.56-256 256s114.56 256 256 256zM512 640c-170.88 0-512 85.76-512 256v64c0 35.2 28.8 64 64 64h896c35.2 0 64-28.8 64-64v-64c0-170.24-341.12-256-512-256z"
        ],
        "attrs": [],
        "grid": 0,
        "tags": [
          "name"
        ]
      },
      "attrs": [],
      "properties": {
        "order": 41,
        "id": 2,
        "name": "name",
        "prevSize": 32
      },
      "setIdx": 0,
      "setId": 5,
      "iconIdx": 2
    },
    {
      "icon": {
        "paths": [
          "M923.672 698.298l-144.793-16.531c-34.772-3.99-68.974 7.98-93.486 32.492l-104.887 104.885c-161.32-82.084-293.569-213.763-375.654-375.654l105.456-105.457c24.511-24.512 36.483-58.714 32.492-93.486l-16.531-143.65c-6.84-57.574-55.294-100.897-113.437-100.897h-98.616c-64.414 0-117.998 53.584-114.008 117.998 30.212 486.814 419.547 875.581 905.786 905.789 64.417 3.994 117.996-49.593 117.996-114.003v-98.619c0.575-57.573-42.748-106.027-100.32-112.868z"
        ],
        "attrs": [],
        "grid": 0,
        "tags": [
          "phone"
        ]
      },
      "attrs": [],
      "properties": {
        "order": 42,
        "id": 1,
        "name": "phone",
        "prevSize": 32
      },
      "setIdx": 0,
      "setId": 5,
      "iconIdx": 3
    },
    {
      "icon": {
        "paths": [
          "M1024 85.333l-1024 480 327.251 101.001 504.749-394.334-383.927 431.629 0.311 0.098-0.384-0.098v235.038l183.522-178.419 232.482 71.753 159.996-746.667z"
        ],
        "attrs": [],
        "grid": 0,
        "tags": [
          "subscribe"
        ]
      },
      "attrs": [],
      "properties": {
        "order": 43,
        "id": 0,
        "name": "subscribe",
        "prevSize": 32
      },
      "setIdx": 0,
      "setId": 5,
      "iconIdx": 4
    }
  ],
  "height": 1024,
  "preferences": {
    "showGlyphs": true,
    "showQuickUse": true,
    "showQuickUse2": true,
    "showSVGs": true,
    "fontPref": {
      "prefix": "icon-",
      "metadata": {
        "fontFamily": "icomoon"
      },
      "metrics": {
        "emSize": 1024,
        "baseline": 6.25,
        "whitespace": 50
      },
      "embed": false
    },
    "imagePref": {
      "prefix": "icon-",
      "png": true,
      "useClassSelector": true,
      "color": 0,
      "bgColor": 16777215,
      "classSelector": ".icon",
      "name": "icomoon"
    },
    "historySize": 50,
    "showCodes": true,
    "gridSize": 16
  }
}